t,x_1,x_2,y
0,-1.548318995,-2.762987442,0
0,-3.958869673,-0.612780499,0
0,-2.276374645,0.61493359,0
0,0.556287292,-3.931406399,0
0,-1.491000307,-2.159296662,0
0,0.588696841,1.076664247,0
0,-2.492577644,-1.026339359,0
0,-0.931396891,-3.666660839,0
0,-0.761716262,-4.177700017,0
0,-1.026876325,-0.213718407,0
0,-2.169114301,-1.583246857,0
0,-3.777054531,-4.234206737,0
0,-1.247218737,-0.632611725,0
0,-1.566522911,-2.600540774,0
0,0.755031015,-2.135507673,0
0,-0.825173692,0.777629997,0
0,-1.280526748,-2.444087802,0
0,-2.93951887,-2.235443271,0
0,-1.009153548,-2.435176723,0
0,-0.299448682,-3.903465161,0
0,-3.175844009,-1.85610984,0
0,1.3933061,-4.222573973,0
0,-0.525761894,-3.299490303,0
0,-5.066188364,-1.376194165,0
0,-1.009548546,-4.460458364,0
0,-2.762249875,-4.010181292,0
0,0.029933774,-1.162579395,0
0,-4.10325972,-1.177354198,0
0,-3.917092646,-1.416105079,0
0,-0.805819975,-2.419408005,0
0,0.380299494,-2.671371982,0
0,-1.476769905,0.839377936,0
0,1.133750829,-1.195695267,0
0,0.090603909,1.668934766,0
0,-2.337203433,-1.492515317,0
0,-1.293111819,0.451945857,0
0,0.369691978,-3.578080802,0
0,-0.304782123,-1.918037839,0
0,-2.895418329,-3.10288226,0
0,-2.734635008,-0.799938447,0
0,-2.460366574,-2.975317945,0
0,-5.558765074,-1.686874847,0
0,-3.884386499,-2.697788284,0
0,-3.258641231,1.379333146,0
0,-4.716487855,-3.790357386,0
0,-1.229129254,-1.915773575,0
0,-2.745645701,-4.268174901,0
0,-2.402078716,-0.555733715,0
0,3.398719958,-2.936311937,0
0,-2.983918616,-2.473145685,0
0,-1.77258796,-6.789910784,0
0,0.452733348,-0.981104958,0
0,-1.398773005,-1.097360155,0
0,-0.401337255,-4.112650645,0
0,-0.631467248,-3.523112336,0
0,0.635762801,-1.169657411,0
0,-1.749269022,0.40816958,0
0,-2.918972761,-0.64345374,0
0,0.394911688,-3.464623494,0
0,-0.68014144,0.949515358,0
0,-2.41010589,-0.06691515,0
0,-0.651428627,-5.796794763,0
0,-0.990130936,-2.327221916,0
0,-1.3637933,-2.902729379,0
0,-0.725249643,-0.079262982,0
0,-3.342998891,-1.474231573,0
0,-2.57044383,-2.015159721,0
0,-2.810322951,-1.354208566,0
0,-2.127610338,-1.155615411,0
0,-2.417043159,0.062398292,0
0,-0.227013791,-0.166545703,0
0,-1.579944828,-2.47567143,0
0,-2.896030072,0.216277942,0
0,-0.891116306,-1.24827879,0
0,-3.913101578,-5.586357001,0
0,-0.950958303,-0.80333773,0
0,-1.395930668,0.566208019,0
0,-2.394601665,-3.749250462,0
0,-0.746484958,-2.472975454,0
0,-2.582610185,-3.050091106,0
0,-4.441922994,-2.797005455,0
0,-2.963262173,-0.296573324,0
0,-0.897044987,-1.524008206,0
0,-1.923155766,-2.520601453,0
0,-3.86080695,-2.640458548,0
0,-1.169078498,1.193760833,0
0,-2.053873153,-6.012654995,0
0,-3.731653022,-1.815854566,0
0,-1.335988277,0.177185541,0
0,0.854382204,-3.71705535,0
0,-2.858136461,-0.057323463,0
0,-2.890680931,-4.654282617,0
0,-1.88816323,-0.760611923,0
0,-1.66269121,-3.813643571,0
0,-2.948805377,-1.599168757,0
0,-1.606985686,-4.409159178,0
0,-2.4760367,-1.812062206,0
0,-1.308210029,-0.216404391,0
0,-1.118444704,-0.110548381,0
0,-1.072656681,-0.140594059,0
0,-1.823299628,-3.938657527,0
0,-2.417069824,-0.309923468,0
0,-0.101707864,1.716799083,0
0,-1.241532875,-4.772808981,0
0,0.234913747,-3.276918137,0
0,0.823758224,-1.277896031,0
0,-5.857289158,-1.783834147,0
0,-0.307304475,-3.294672567,0
0,0.336257668,-3.199272848,0
0,-0.758368251,-1.127192741,0
0,-4.74230588,-2.230468477,0
0,-1.05219891,-5.110263753,0
0,-1.680774203,0.458042109,0
0,-2.057771836,3.170433424,0
0,0.596017764,-3.457469136,0
0,-1.152242621,-1.876760032,0
0,-3.453288984,-0.635710437,0
0,-0.655658611,-1.571400849,0
0,0.571430047,-1.170826441,0
0,-2.209604061,-1.296287589,0
0,-0.669692622,-0.476227788,0
0,-1.278799983,-2.14437021,0
0,-3.173191371,-2.175372439,0
0,-3.41302353,-2.053455486,0
0,-3.068635611,-1.311431056,0
0,-1.074702282,-4.088891895,0
0,-2.341680146,-3.705227273,0
0,-0.979954879,-2.846042075,0
0,-2.297996698,0.948803511,0
0,-2.696496303,-2.405447469,0
0,-3.030612546,-6.640180882,0
0,-1.439975717,-2.497600061,0
0,-4.617039424,-3.294040476,0
0,-2.788946754,-6.718635995,0
0,-3.22778568,0.158738567,0
0,-2.527487756,-1.296737259,0
0,-2.153327678,-4.937726209,0
0,-2.74560293,-1.767563812,0
0,-1.59924952,-1.122282801,0
0,-5.925601917,-3.610792379,0
0,-1.47977677,1.406150167,0
0,-0.703736687,-0.337314508,0
0,-2.153179536,3.595218232,0
0,-2.815394325,-2.987832467,0
0,-3.251255579,-3.469197365,0
0,-2.600482515,1.131209263,0
0,-1.711097849,-3.290558828,0
0,-0.171160104,-0.145767154,0
0,-0.554504868,-4.338856382,0
0,-0.634502641,-1.677515527,0
0,-1.817272675,-1.128447311,0
0,-2.363194969,-0.471704262,0
0,-0.588600983,-1.048698823,0
0,-0.499394802,-3.133398199,0
0,-1.910739303,-3.373872342,0
0,-3.908743306,-2.486943291,0
0,-0.054990724,-3.800392565,0
0,-6.032374711,-1.397051548,0
0,0.597023711,-2.096023864,0
0,-0.342586441,-5.410739749,0
0,-1.349838596,0.173518301,0
0,-1.151075973,-4.67237608,0
0,-0.175308204,-3.452928472,0
0,-2.854217619,-3.361091004,0
0,-3.167559646,-0.861654481,0
0,0.228039365,1.48132623,0
0,-3.022795746,-0.869014504,0
0,-0.962327999,1.456457597,0
0,0.550128285,-2.09796334,0
0,-3.173804182,-3.486942123,0
0,-3.269725141,-0.965985808,0
0,-0.931404615,1.227877314,0
0,1.479801185,-4.611230703,0
0,-2.263404043,-0.667826855,0
0,-3.920742906,-3.502526474,0
0,-3.778981697,-3.424637884,0
0,-2.649563203,-0.442760117,0
0,-0.693798474,-2.246644961,0
0,-0.711676232,1.670301897,0
0,0.145904208,-4.327304771,0
0,0.383775965,-4.659651305,0
0,-1.590942262,-1.053633081,0
0,-4.772804384,-2.411643355,0
0,3.163193346,1.57145792,0
0,-0.322333849,-5.808487079,0
0,0.7646267,-0.311022707,0
0,-2.896642983,0.484259651,0
0,-1.425769079,-3.058631557,0
0,-2.086213985,-4.120139449,0
0,-2.763246248,-2.153792238,0
0,-1.348747805,-5.210771505,0
0,-1.241552646,0.22515806,0
0,-1.904012882,-0.905654101,0
0,-2.350775788,0.985764632,0
0,-2.128320923,-3.923170511,0
0,-4.110066275,-3.348761315,0
0,-1.306656794,-2.159034077,0
0,-1.395840971,-6.582910206,0
0,-4.332388104,-2.530905536,0
0,-3.09636784,0.291440258,0
0,-1.128070489,-3.496848064,0
0,-1.097913705,-3.176600757,0
0,-2.014635726,-0.03923385,0
0,-1.004196306,-1.486126767,0
0,-3.26110522,0.481499204,0
0,-3.278769542,-2.982589326,0
0,-0.303716515,-0.159390425,0
0,-1.963041981,-1.270707306,0
0,-1.747338762,-1.20961634,0
0,-1.586076693,-2.445460477,0
0,-2.366031191,-3.9226904,0
0,-3.711215995,-1.550208559,0
0,-3.433335364,-1.734812965,0
0,-5.828075266,-2.278596223,0
0,-2.922304924,-0.839820198,0
0,1.605970944,-0.708537527,0
0,-2.179279011,-0.613536539,0
0,-2.384980964,-0.807782906,0
0,-3.149733052,-1.079842758,0
0,-2.457281336,-0.896641641,0
0,-0.884860643,-3.154847383,0
0,-3.401053863,0.947434605,0
0,-4.414608375,-2.166002747,0
0,-0.243167605,-2.227940046,0
0,0.245459835,-2.035237183,0
0,-1.181158043,0.11773685,0
0,-3.422065961,-1.750072405,0
0,-3.601018301,-4.614111475,0
0,1.286816895,-1.062344463,0
0,-1.394120902,-3.033404237,0
0,-1.7400611,-0.809780306,0
0,-5.255248686,-5.887333787,0
0,-5.040181877,-6.161706253,0
0,1.319976137,-2.052518246,0
0,-2.806761321,-1.319289677,0
0,1.116867485,-0.560449985,0
0,-1.263413172,-5.152481461,0
0,-1.84675433,-2.742634196,0
0,-2.656613305,-1.188225177,0
0,1.460400024,-3.384690081,0
0,-2.132947746,-2.649743532,0
0,-3.765800075,-3.419727195,0
0,-4.060648717,-3.166273379,0
0,-2.220003486,-1.732236729,0
0,-0.0465724,1.59981075,0
0,-2.025888638,-0.093235184,0
0,-5.8324814,-4.113165949,0
0,-2.150474416,-4.094667791,0
0,-5.104159865,-3.592540548,0
0,-3.277985028,-1.827074671,0
0,-4.367577032,1.65159914,0
0,-3.099215195,-2.938950074,0
0,-3.189590589,-3.760184806,0
0,-2.091787005,-1.383287114,0
0,-2.016019691,-3.201372611,0
0,-1.125465972,-2.268102971,0
0,-3.73587751,3.422951554,0
0,-2.85059261,-4.230242215,0
0,0.411938487,-0.549522531,0
0,-1.168458745,-2.801519265,0
0,-4.604554685,-2.688771602,0
0,-4.217181914,-4.965427892,0
0,-1.228733048,1.298823085,0
0,-0.466393972,-0.489598048,0
0,-3.451989875,-0.689779494,0
0,-2.612189554,-5.72390477,0
0,-2.51078819,-1.267735553,0
0,-0.950061749,-1.07031522,0
0,-3.66866626,-3.079173557,0
0,-2.256601473,-1.341734182,0
0,0.888854224,-1.307693792,0
0,-2.59072905,-0.384365531,0
0,0.674262689,-2.490967836,0
0,-1.236235959,-1.994036917,0
0,-2.102255872,-1.98635231,0
0,-2.333092197,-1.118721699,0
0,-2.044786227,-0.57056712,0
0,1.180596766,-0.306993323,0
0,-0.071652604,-1.801228027,0
0,-4.055740086,-0.378118215,0
0,0.702796939,-3.006128666,0
0,-1.47690138,-2.521718258,0
0,-2.636081704,-1.179544248,0
0,-0.809125243,0.90406244,0
0,-4.06913254,-1.205127865,0
0,-1.64491206,-4.635999315,0
0,-5.628192073,-0.436613747,0
0,-4.149194462,-5.526280056,0
0,-0.596049,-1.466133532,0
0,0.221412857,-3.344372342,0
0,-6.084452503,-5.217724159,0
0,-1.253814597,0.693044571,0
0,-4.204433917,-3.422510175,0
0,-1.082973411,-1.532421202,0
0,-0.97415643,0.626590475,0
0,-1.664817372,-2.189014176,0
0,-1.108019483,-2.516996073,0
0,-1.980907962,-1.570779255,0
0,-1.771452381,-4.809330367,0
0,-2.452680399,-1.589182471,0
0,-3.390403792,-1.861211215,0
0,-2.191109711,-2.954803443,0
0,-0.999733524,-2.930144973,0
0,-2.667604354,-1.646657919,0
0,-1.646051357,-2.193997224,0
0,-0.318973193,-3.105132563,0
0,-2.232919767,-2.224716626,0
0,0.151387978,-4.187088719,0
0,-0.979890115,-4.025453866,0
0,-0.162789026,-1.823517039,0
0,2.667773938,-2.959477903,0
0,-3.703822002,0.695916584,0
0,-5.268711996,-2.462717571,0
0,-2.043675108,-2.848336407,0
0,0.551602372,-5.065564588,0
0,-4.024866465,-1.645317971,0
0,-2.887440849,-1.803271336,0
0,-4.358778793,-2.035494138,0
0,0.216329368,0.455024643,0
0,-4.596708987,-1.865641838,0
0,-2.367912858,-1.073622578,0
0,-4.728210759,-0.315490802,0
0,-1.285872669,-3.945303033,0
0,-2.898046981,-2.463783627,0
0,-1.206618354,2.076979897,0
0,-3.524273578,-2.658475286,0
0,-5.785643964,-2.521734672,0
0,-2.394580207,-4.83513202,0
0,-3.558172712,-0.850196716,0
0,-2.729459273,-4.619245354,0
0,0.636436944,-2.208697792,0
0,0.395262853,-1.890972395,0
0,-3.632483497,-2.787947945,0
0,-1.156712853,-4.445883768,0
0,-1.722363027,-1.730451494,0
0,-3.430902232,-1.499600906,0
0,-2.507197545,-1.639916014,0
0,-2.410382248,0.281430866,0
0,-1.822876902,-2.973020507,0
0,-2.623979017,-0.765254253,0
0,-3.520164118,-2.45777064,0
0,-3.871375884,-0.513499476,0
0,-2.492136446,-3.051485307,0
0,-2.077995455,-2.102954016,0
0,0.051604281,-2.671333888,0
0,0.024076773,-2.525944367,0
0,-2.996921909,-3.669446886,0
0,-0.327192569,-0.908558458,0
0,-1.606972745,-4.669841081,0
0,-1.430549481,0.635850751,0
0,-2.321274857,-0.896558856,0
0,-1.108970718,-3.436647748,0
0,0.005504106,-2.60745894,0
0,-2.13183928,-3.309168338,0
0,-1.741291452,-1.856064221,0
0,-3.10677191,-3.018033073,0
0,-1.538271353,-3.461666169,0
0,-2.736637261,-2.373232874,0
0,-1.629894128,-6.064764301,0
0,2.184638583,-1.990136351,0
0,-0.527670805,-4.079649898,0
0,-2.501031627,-1.87960564,0
0,-3.105028961,0.195576389,0
0,-3.254505845,-6.405618202,0
0,0.533481551,-2.965476267,0
0,-2.490836071,-1.509842909,0
0,-2.682061862,-0.362214793,0
0,-1.981722304,-4.328111066,0
0,-2.059898316,-1.230593402,0
0,-2.672625279,-2.500345673,0
0,-4.163208428,-3.758454714,0
0,-2.104762268,-0.244504137,0
0,-4.202511443,-4.235507391,0
0,-3.98664205,-6.280112236,0
0,-1.691347164,-0.245021459,0
0,-4.831752519,-4.725458944,0
0,-0.265029554,-2.183840892,0
0,-3.962530151,-3.202497465,0
0,-2.040986219,-3.289664172,0
0,-2.537426541,-2.441513389,0
0,-1.481658912,-4.082118898,0
0,-3.631308364,1.940266131,0
0,-3.190002813,0.60175545,0
0,-1.464170398,-3.965002068,0
0,-0.919899798,-2.365251405,0
0,-3.911736881,-5.65819438,0
0,-0.937958104,-2.157142239,0
0,-1.338905114,-0.85203659,0
0,-2.196655335,0.338637501,0
0,-3.538531408,-2.12434156,0
0,-2.837426276,-1.157113062,0
0,-1.918004431,-0.394150293,0
0,-1.375989727,-0.677997078,0
0,-4.42118745,-2.868661889,0
0,-0.713274119,-1.990980518,0
0,-2.030402481,-1.067249094,0
0,-0.91348155,-1.518262544,0
0,-3.120671564,-3.628620478,0
0,-3.018224392,-3.934754216,0
0,-3.881806718,-3.434257949,0
0,-0.688314876,-4.11593969,0
0,1.075608074,-1.344430115,0
0,-2.230916085,-2.587407318,0
0,-4.15098807,-3.144980195,0
0,-3.026440306,-4.341991071,0
0,-1.598352148,-0.887765691,0
0,-2.77815292,-1.099274569,0
0,0.306758799,-0.334097706,0
0,-2.781653483,-2.310209459,0
0,-1.237141539,0.003432962,0
0,-3.597727658,-6.388270229,0
0,-1.050492012,-2.061872444,0
0,0.079074892,-2.481313604,0
0,-1.024045729,1.241494546,0
0,-2.837128845,0.427011027,0
0,-3.05649544,-6.34548107,0
0,-0.579125002,-1.232000635,0
0,-0.030485847,-3.807496145,0
0,-3.296440291,-2.605028999,0
0,-3.524376658,-2.13556513,0
0,-1.186472173,-1.800813251,0
0,-2.25781377,-1.901328349,0
0,-0.275683542,-2.602074542,0
0,-3.004757486,-1.182115929,0
0,-2.810448811,-1.578606495,0
0,-1.72522744,-3.133768572,0
0,-1.316584083,-3.663108412,0
0,-2.765147974,-1.357188766,0
0,-3.194170567,-2.764225954,0
0,0.258172557,0.163009185,0
0,-4.124038368,-2.212972033,0
0,-2.780431192,-1.513893368,0
0,-1.173533289,-1.667563483,0
0,-2.354834537,-2.953156808,0
0,-0.584039029,-3.936128274,0
0,-2.845747883,-1.447479269,0
0,0.652869771,-4.241515241,0
0,-5.373939021,-3.282883452,0
0,-2.384088504,-3.221746834,0
0,-2.536708346,1.272729889,0
0,-3.312714418,-2.359815654,0
0,-1.549650762,-2.054987219,0
0,-0.793129908,-3.358473694,0
0,-3.557795816,-3.143711616,0
0,0.218365873,-2.678287313,0
0,-4.729994467,-1.226040562,0
0,-4.019905946,-2.141919315,0
0,-3.583624635,-1.647824606,0
0,-0.505817726,0.213867378,0
0,0.903194027,-3.061691365,0
0,0.548864299,-2.330075052,0
0,-2.883921885,-0.756048842,0
0,-3.637427647,-3.861068075,0
0,-3.45365085,-2.660416634,0
0,-2.308392738,-1.806417397,0
0,-3.207805377,-0.098119038,0
0,-1.008888898,1.539973234,0
0,-2.702533522,0.964264342,0
0,0.615093928,-2.309486835,0
0,-3.702941141,-2.441026791,0
0,-1.361390178,-1.829396224,0
0,-1.951377194,-3.308046671,0
0,-1.979012473,-0.128677287,0
0,-1.510292925,-2.497276254,0
0,-1.759367319,-1.359856095,0
0,-1.733058743,-1.257980058,0
0,-2.702136879,-1.029519777,0
0,-0.725483674,-1.425158125,0
0,-5.209681686,-3.262618174,0
0,-1.430192015,-1.298948267,0
0,-2.39295219,0.241712782,0
0,-1.251909026,-2.055053883,0
0,-1.808193302,-5.581027249,0
0,-1.646653104,-1.76531892,0
0,-0.435639144,-0.709709763,0
0,-2.114688558,-2.029432131,0
0,-1.875843352,-3.582378069,0
0,-4.916770346,-2.479726334,0
0,-3.033958067,0.425543052,0
0,-1.211857627,-2.28210088,0
0,-0.035676585,-6.291074733,0
0,-4.95630257,0.171464314,0
0,-1.442816543,-3.11965158,0
0,-0.950005676,-0.847171011,0
0,-1.588822337,-3.092391582,0
0,-2.315582816,-3.307199079,0
0,-1.759682346,-2.671877055,0
0,-0.302522979,-3.271105279,0
0,-2.011123496,-1.796269886,0
0,0.835417196,0.992535624,0
0,-0.183229871,-2.574717115,0
0,-0.078746048,-3.344801927,0
0,-3.124087239,-3.703775386,0
0,-2.198168811,-0.05280376,0
0,-2.681976446,-4.115757598,0
0,-1.293518128,-1.864845577,0
0,-0.704696817,-0.399416762,0
0,-4.336135595,1.457401236,0
0,-4.4205752,-0.332586651,0
0,-1.241104946,-0.845802063,0
0,0.927032225,-4.118522063,0
0,0.477980568,-5.116350039,0
0,-2.572618835,-2.226319297,0
0,-2.705767318,-1.419287811,0
0,-0.04049286,3.342654069,0
0,0.475571158,-1.504791826,0
0,-1.332746483,-4.938701616,0
0,-3.616067124,-2.267060237,0
0,-2.175327524,-1.69000443,0
0,-3.449069844,-0.32708084,0
0,-4.249758447,0.668727371,0
0,-2.498032186,-2.124932323,0
0,-2.676367287,0.346487714,0
0,-3.547975589,-3.949261462,0
0,-3.629826054,-0.402838363,0
0,-2.367500647,-2.917926219,0
0,-1.435803199,-0.434928819,0
0,0.41745577,-1.014615131,0
0,-3.966108842,-3.939802072,0
0,0.182402553,0.222372218,0
0,-3.065543415,-3.990806932,0
0,-1.733550666,-1.573816483,0
0,-2.172566156,0.034626657,0
0,-0.726549724,1.075172082,0
0,-3.261054519,-1.842144908,0
0,-4.886546313,-3.122428917,0
0,-3.203372163,-1.866923601,0
0,-2.872787283,-5.887198083,0
0,-5.776297955,-3.822555486,0
0,-1.498490871,0.042331299,0
0,-0.541318855,-3.424998974,0
0,-1.605508303,-2.41986445,0
0,-3.060318366,0.551780209,0
0,-3.489238271,-0.837442791,0
0,-1.679500426,-5.843677175,0
0,-0.737263414,-2.694111508,0
0,-1.212620789,-1.329038535,0
0,-4.354316384,-4.00899846,0
0,-1.726325115,0.724771028,0
0,-4.339911444,-3.126224537,0
0,-2.130355539,-3.164569692,0
0,-0.748550116,-0.93516523,0
0,-0.01641465,-0.446259888,0
0,-4.313083601,-3.670946468,0
0,-1.375801327,-4.269065837,0
0,-0.801638221,-1.370356901,0
0,-0.61257162,2.050549417,0
0,-0.156873032,1.625817804,0
0,-4.695478072,-3.152699356,0
0,-3.812253679,-1.2051349,0
0,-0.249825791,-3.100993636,0
0,-1.848286658,-1.846513744,0
0,-1.433933355,-0.631237977,0
0,-0.894953745,-2.375936861,0
0,-3.348509256,-3.172363881,0
0,-4.488360623,-3.562514964,0
0,-4.212633193,-3.789939849,0
0,-3.241726959,0.85690876,0
0,-3.33723417,-3.591859688,0
0,-0.486661729,-1.987869986,0
0,-2.759706603,-2.095389313,0
0,-4.362177722,-2.407422773,0
0,-0.25598863,-2.509943288,0
0,-3.509557112,-3.540447574,0
0,-2.261412247,0.16593381,0
0,-2.33831972,0.368699373,0
0,-0.659752584,-1.991235223,0
0,0.089042674,-4.337106217,0
0,-1.128705034,-0.082969893,0
0,-5.076944099,-4.916717,0
0,-3.190854515,-4.617857122,0
0,-5.492014487,-0.18856749,0
0,-3.258698832,-1.870202523,0
0,-3.167355497,-5.608927661,0
0,-1.891686309,-0.381012594,0
0,1.111393468,-6.904564682,0
0,-6.700484817,-4.344123547,0
0,-1.765095321,-0.592843599,0
0,-3.46422949,-1.742886346,0
0,-2.237267277,-2.683120237,0
0,-5.420561324,-3.606005389,0
0,-2.842414008,-3.329756664,0
0,-3.528331576,-0.32469329,0
0,-0.451636141,-2.358944054,0
0,-3.691212102,-2.389918416,0
0,-0.358297139,-4.692622041,0
0,-5.643079496,-3.539099855,0
0,-5.028980553,-1.881887066,0
0,-3.68476082,-0.850668248,0
0,-2.440910066,-1.323101817,0
0,-1.596887629,-4.116343018,0
0,0.285928073,-1.899036914,0
0,-3.03989046,-1.60276071,0
0,0.581927361,-2.76579083,0
0,-4.343948112,-0.653252416,0
0,-1.869245345,-2.524994116,0
0,-1.209087511,0.71875983,0
0,2.182177821,-4.722626748,0
0,-0.878953376,-2.826017076,0
0,0.479913728,-0.209656018,0
0,2.922890526,-4.461883478,0
0,-1.725658071,-2.58466934,0
0,-1.593351532,-1.273450299,0
0,0.28847166,0.712611603,0
0,-4.368396368,-0.652280769,0
0,-1.783954138,-0.362974508,0
0,-1.649860028,-2.38804948,0
0,-2.110766614,-2.573451612,0
0,1.073685376,-0.382469664,0
0,0.972747692,-3.865267597,0
0,-2.354303354,-2.09008972,0
0,-0.164909837,-3.166317437,0
0,-0.52870926,0.934773768,0
0,-2.203540668,1.463029143,0
0,-2.282564656,-1.486175203,0
0,-2.619841693,-1.961939441,0
0,-0.322871493,-1.826929366,0
0,-0.153369305,-3.478382213,0
0,-0.21592724,-5.015601991,0
0,-2.249135926,-2.175542339,0
0,-2.887860866,-3.305126158,0
0,-2.869089939,-3.122875083,0
0,-1.976427517,-1.816528576,0
0,-1.787173267,-0.450361726,0
0,-2.030973476,-0.9820591,0
1,2.165668924,4.016832253,1
1,1.90967997,2.578120177,0
1,1.631504147,2.522695152,1
1,0.617375808,2.484404464,0
1,1.224911598,1.905164394,1
1,1.790309302,3.496120886,1
1,1.399478902,3.801678858,0
1,0.910223215,2.097781717,0
1,1.818535731,0.754065204,1
1,1.09611265,0.853077022,1
1,1.576999501,0.768145842,0
1,1.418312229,3.136781337,0
1,1.521450249,0.422075327,0
1,1.41792157,2.550439994,1
1,1.221371954,0.564436804,0
1,1.505955207,0.320608922,0
1,1.180402615,1.941145627,0
1,1.976737023,3.924649776,0
1,1.403708567,1.655368562,0
1,1.103669595,0.264558566,0
1,0.47478745,-0.73096286,0
1,0.456071334,-1.640489033,0
1,1.347764475,4.72501667,0
1,1.538317931,0.591544497,0
1,1.517025325,3.545034414,0
1,2.748695717,2.178803666,0
1,1.464614111,2.551733608,0
1,1.89386462,4.505409209,0
1,1.263402217,-0.183547203,0
1,1.962433585,3.68315914,0
1,1.734005726,2.994126465,0
1,1.060066558,1.33370053,0
1,0.908742111,0.124926672,1
1,1.202597816,-0.213075031,0
1,1.243212814,3.745113313,1
1,1.322289219,3.340033363,1
1,0.716997145,1.114569427,0
1,1.757550019,3.144979822,0
1,0.918714414,-0.148656851,0
1,2.104212111,3.330739216,0
1,1.852677041,2.113226792,0
1,0.947220583,1.662186249,0
1,0.878983766,0.87555773,0
1,1.208585118,1.971757798,0
1,1.085273744,0.930153436,0
1,0.623203902,1.357439071,0
1,1.214991431,0.357055136,0
1,1.890293772,2.911757337,1
1,1.33948756,-2.698714643,0
1,1.469754595,1.490802286,0
1,2.02531437,3.007960259,0
1,1.943947639,2.223966371,1
1,1.038405499,2.376968727,0
1,1.059973502,0.8117998,0
1,1.606180056,3.822830551,0
1,1.4081076,-0.428708065,0
1,1.135068267,1.749306367,0
1,1.549326445,2.707174957,0
1,1.826900921,3.49985578,1
1,1.913754257,2.257284929,1
1,0.380929532,-1.821855782,0
1,1.42904828,4.168843305,0
1,2.295385722,1.677258887,0
1,1.845914712,1.966604825,0
1,1.909867413,2.797282869,1
1,1.078862053,1.902907326,0
1,1.80581761,-1.859304814,0
1,1.217023643,1.522652377,0
1,1.004692141,0.627743852,0
1,1.853171734,3.233433837,0
1,1.608914896,2.678705702,0
1,1.7714822,2.641444486,0
1,1.47854375,1.211033127,0
1,0.894575474,-2.421011603,0
1,1.127613207,2.120928439,0
1,1.702426108,1.945290087,1
1,1.94243369,5.037193662,0
1,1.399901871,0.636110734,0
1,1.515994022,1.32535859,1
1,1.052027543,0.119849324,1
1,1.062253045,0.785148845,0
1,2.012578329,1.728721006,0
1,1.82212812,4.426927966,1
1,1.958085963,3.721425802,0
1,1.697751799,3.819862415,0
1,1.797312674,2.473416776,0
1,2.097262705,3.936608119,1
1,1.40485818,1.261338188,0
1,1.07681511,0.617953577,1
1,1.750323596,1.76853391,1
1,1.683594641,2.636282759,0
1,1.783090889,3.604046443,0
1,1.738396158,2.03484495,0
1,1.021546814,2.098917044,0
1,1.037599251,0.479938118,1
1,1.527141377,-0.97912296,1
1,2.165787177,1.836329613,0
1,0.515176838,-1.756593701,0
1,1.228043426,1.187653248,0
1,1.43113339,0.196402772,1
1,1.348185457,2.589810474,0
1,0.816976596,0.811685389,1
1,0.913067043,-1.814164735,0
1,1.778348661,2.500491343,1
1,1.457182987,1.118990396,0
1,1.44636611,2.35161905,1
1,1.273990672,0.320018345,0
1,1.951703463,2.064499498,0
1,1.617135502,3.448833083,0
1,1.054884871,0.085146504,0
1,0.834548303,-0.568702918,1
1,1.581503156,3.283436488,0
1,1.339810394,0.267612843,0
1,1.357436018,2.069520099,0
1,1.351874019,-0.140559736,0
1,1.726646687,3.705246791,1
1,1.830934378,1.982564929,1
1,1.448003638,0.349596375,0
1,1.220204277,0.235437337,0
1,0.556519412,-0.01574991,1
1,1.877327809,2.159975144,0
1,1.513106543,1.408072575,1
1,0.818941079,1.63864776,1
1,2.25215024,3.013757019,0
1,0.984964803,1.472149542,0
1,0.973653988,0.647947541,0
1,0.791574021,1.840495788,0
1,1.679325112,3.822836846,0
1,1.288085704,3.018361843,0
1,1.585592935,3.523292422,0
1,1.420387891,0.365884441,0
1,1.690557387,1.421985091,0
1,1.033735007,0.289789078,0
1,1.586890777,2.123770182,0
1,1.906432573,1.097862251,1
1,1.776461163,0.775989241,0
1,2.065524473,1.629400513,0
1,2.547198998,4.68365658,0
1,1.727962885,1.216008236,0
1,1.601045642,2.179606858,0
1,1.140019314,0.904911052,0
1,1.59360608,-0.106955689,0
1,1.317970556,0.31878307,0
1,1.452336471,3.66193963,0
1,1.127735417,0.211415592,0
1,0.80087579,-0.211713242,0
1,1.914348604,2.15017935,0
1,1.549488452,4.225455832,0
1,1.757054682,2.498415556,0
1,1.290560183,2.265594015,0
1,1.649359336,3.514980621,0
1,1.642765457,2.285034524,0
1,1.579506064,3.399471632,1
1,1.042582171,3.411474641,0
1,1.081487196,0.916903665,0
1,2.424094232,2.112852016,0
1,1.567283454,0.694434726,0
1,1.597284752,2.01554156,0
1,1.523444852,2.043999792,0
1,1.277055927,4.106098861,1
1,1.438944632,3.455298792,0
1,2.138663935,3.76646985,0
1,2.051902951,2.576761485,1
1,1.804441804,2.733555598,0
1,1.720295213,2.486941253,0
1,1.022331123,0.525172186,0
1,1.789032745,1.650626375,1
1,1.269830905,1.279460208,0
1,1.606904031,2.655885286,0
1,2.54207137,3.711620617,0
1,1.549497141,2.539132851,0
1,1.434835152,4.246979758,0
1,1.990808121,3.239799385,0
1,1.456662768,2.213168629,1
1,1.120290954,2.907178819,0
1,1.98545932,2.750008213,0
1,0.996474347,0.983020118,0
1,1.040451855,2.323284105,0
1,1.662150273,3.822209636,0
1,1.459979066,0.700832591,1
1,2.066144277,1.599238016,1
1,0.320005756,-3.116741276,1
1,1.101017027,2.701484558,0
1,1.133518109,5.692794894,0
1,1.846195647,1.041290302,0
1,0.903907943,-0.56500918,1
1,1.5788953,3.936874846,0
1,2.090107696,1.179460886,0
1,1.440783966,2.188079775,0
1,0.95531492,-1.193416996,0
1,1.924094943,3.36418915,0
1,1.48239854,1.7721586,0
1,0.983191827,1.620292085,0
1,0.567503101,-0.42446046,0
1,1.798379792,1.790268026,0
1,1.791737177,1.336913011,0
1,2.017685025,3.75286906,0
1,1.070560082,2.501948163,0
1,0.991038064,1.253676207,0
1,1.734445264,2.518041864,0
1,1.320444115,1.318526139,1
1,1.776891486,0.723957899,0
1,2.099097646,4.056136546,0
1,2.09641572,4.26729621,0
1,1.600200225,2.555447499,0
1,2.171378751,3.405191949,0
1,1.529115354,3.480510469,0
1,1.922822162,4.112491227,0
1,1.466031471,1.677372178,0
1,0.793459557,-0.272399899,0
1,1.124801881,1.155746955,0
1,1.95134227,2.990437458,0
1,0.341289866,1.395953606,0
1,1.250689342,3.565441624,0
1,1.685700784,4.245234578,0
1,1.418987261,1.637178739,0
1,0.485095451,1.450099475,0
1,1.462447119,3.66271463,1
1,1.729931992,2.84927939,0
1,1.257613078,-0.889325808,0
1,1.878707155,4.095528737,0
1,1.26074997,2.515021432,0
1,1.852274526,2.858573986,1
1,1.909584919,3.107812519,0
1,1.045325795,2.042383135,0
1,1.468065146,-0.041844848,0
1,1.757977511,4.640256828,1
1,1.745662035,0.287844352,0
1,1.185658345,3.869937249,1
1,1.888845299,2.006378151,0
1,0.842967848,1.444864021,0
1,2.108402329,2.474167375,1
1,2.132146129,2.75806854,0
1,1.612756832,2.58068342,0
1,1.592024298,1.372380387,0
1,1.344558016,1.904476788,0
1,1.703756221,1.956909805,0
1,2.090898597,4.40381243,0
1,0.969030126,1.568154243,0
1,1.50293041,1.189409262,0
1,1.107632846,2.634354361,0
1,1.446756352,1.924173091,1
1,1.6885921,0.49096689,0
1,1.624478606,3.544666415,0
1,1.484826335,1.32289026,0
1,0.808875603,0.619155977,0
1,1.754810342,3.800662284,0
1,1.529257892,2.623574298,0
1,1.477149132,3.416763285,0
1,1.428636791,2.023793839,0
1,1.43539801,0.704366231,0
1,0.764170441,2.518544821,1
1,1.284032155,3.340969405,0
1,1.010344449,0.644388904,0
1,1.792661827,4.145526727,0
1,2.100052762,4.592570999,1
1,0.57601088,-0.906020893,0
1,1.613874369,1.220394242,0
1,1.081775514,1.238554083,0
1,1.462359181,3.074605106,0
1,1.330764242,1.673686939,1
1,1.266747015,1.986104832,0
1,1.519307116,2.558631066,0
1,1.472359894,2.210870221,0
1,1.274152901,-0.42018683,0
1,1.763690292,4.284409923,1
1,1.789371533,2.389709378,0
1,1.84255809,2.456821157,0
1,1.805367429,2.128080231,0
1,1.560590863,1.933287575,0
1,1.253637492,3.122283244,0
1,0.979708526,3.439379979,1
1,1.506013717,2.314505724,1
1,1.314268498,0.256716548,0
1,1.594444633,3.403250456,0
1,1.097443854,0.27758589,1
1,0.970597118,0.3857488,0
1,0.658232843,2.071512136,0
1,1.165899331,0.143398971,0
1,0.810618071,2.638512837,0
1,1.323331998,1.127189877,1
1,1.414510789,2.095915255,0
1,1.664089223,4.031820072,0
1,2.683795603,2.560182844,0
1,1.050772478,2.074257381,1
1,2.000796576,1.132918252,1
1,1.652228704,2.481885907,1
1,2.211582865,5.568598514,0
1,1.475082736,3.465556517,0
1,0.71950214,1.168345909,0
1,1.757618972,3.037994993,0
1,2.157936203,3.155960219,0
1,1.118961125,2.328524141,1
1,0.568851962,-2.60326018,0
1,1.353177745,-0.453940169,0
1,1.099431635,1.467901935,1
1,1.775677982,3.665200057,0
1,1.916018195,3.833655102,1
1,1.371388474,2.206015369,0
1,1.661717263,1.84049659,0
1,1.419112779,-0.387421353,0
1,1.067448936,1.277459326,0
1,1.819446803,2.342315242,0
1,1.388753994,1.594046532,0
1,2.078337851,3.581096125,0
1,2.349177321,3.945333915,1
1,1.617789482,1.32549735,1
1,1.714629806,-0.197905213,0
1,1.259111632,-0.727679007,0
1,2.454098612,0.769227958,0
1,2.013705303,1.289794971,0
1,1.431909094,0.022675511,0
1,1.504012289,3.071807608,1
1,1.554803373,4.868288313,0
1,1.30623374,2.181565732,1
1,1.948382695,2.519473587,0
1,0.931157328,-0.175018039,0
1,1.430548926,-0.477667912,1
1,2.017035841,2.725093402,0
1,1.628932351,1.528421718,0
1,1.38189316,1.375467939,0
1,1.617297601,2.29759803,0
1,1.564426571,2.151060885,1
1,1.353076455,0.630959153,0
1,1.609466075,1.006258764,0
1,0.793403134,2.358940701,0
1,0.889156499,0.616924953,0
1,1.855536309,4.647743496,1
1,0.409597836,0.996529368,1
1,1.363913146,0.520338207,0
1,1.122894466,1.027386755,0
1,1.360139612,1.493910163,0
1,0.255386295,-0.497086411,0
1,1.210215863,2.884740005,0
1,1.828575367,2.95882943,0
1,1.544004255,1.334048402,0
1,1.053543824,2.16101715,0
1,1.686279777,1.473516273,0
1,1.01972626,0.336184724,1
1,1.212198901,0.613652796,0
1,1.536575459,3.146812977,1
1,1.908449943,0.932813014,1
1,0.78654235,3.379924182,0
1,0.42104426,-0.651846893,0
1,1.478492442,2.794297189,0
1,1.164685579,0.449770942,0
1,1.428520985,2.077190391,0
1,1.386607696,1.162083778,1
1,0.884525631,-1.538085559,0
1,0.640692112,-1.967868198,0
1,1.744548572,5.436038046,0
1,1.562040468,-0.167125464,0
1,2.397015005,3.805235732,0
1,1.633656258,2.981958847,0
1,1.718553873,1.024729675,0
1,1.960313522,2.730632142,1
1,1.51345249,-0.32413522,0
1,1.561366462,1.638445525,0
1,1.540193527,1.07863659,0
1,1.424466463,0.867053378,0
1,1.516572595,1.58884462,0
1,1.232205831,-0.174797501,1
1,2.001862076,3.585058119,0
1,1.776874721,2.772283716,0
1,1.685957506,2.796039215,0
1,1.718792623,3.56553741,0
1,1.433733339,0.988311433,0
1,1.874301312,3.044419139,0
1,1.045744529,1.933282576,1
1,1.376667305,0.972785781,0
1,1.696136946,0.7752628,0
1,1.491679822,2.888225326,0
1,2.158794062,3.764785441,0
1,1.315447001,2.868453331,1
1,0.517295072,-0.491685269,1
1,2.103402255,-1.374472203,0
1,1.404780405,1.222794252,0
1,1.502296581,2.528710133,0
1,1.258963559,0.15421458,0
1,2.344032908,2.732965372,0
1,1.803967496,1.509221841,0
1,1.713781488,0.995570934,0
1,1.345546238,4.558395799,0
1,1.773512824,4.272678988,1
1,1.478225138,1.095065092,0
1,2.566493994,3.417913715,0
1,1.030753079,0.008443901,0
1,1.955388038,3.468694149,0
1,0.640934316,1.549257782,0
1,0.767219292,-0.132884983,0
1,1.93761548,3.78111896,0
1,2.324037911,6.039969283,0
1,1.311077854,1.041867632,1
1,1.348182196,1.395362545,0
1,1.459162362,3.525875803,0
1,1.684647945,1.31962549,0
1,1.018798913,0.995750521,0
1,1.129329817,1.28814471,0
1,1.354888256,0.7692855,0
1,1.208524125,1.316501343,1
1,0.969595715,3.803899593,0
1,0.732468265,3.688672252,0
1,0.910242355,1.242865485,0
1,2.052488774,0.2286942,0
1,1.423624308,3.845306041,0
1,0.557044652,-0.026775903,0
1,1.420316573,-0.305463373,0
1,0.763818782,-1.1855556,1
1,1.452361879,1.224856142,1
1,2.101062448,2.505306677,0
1,2.146084008,4.499801532,0
1,1.591683551,2.988073051,0
1,0.453244273,-1.510863531,0
1,1.345558755,-0.509052485,0
1,1.238209959,1.775350162,0
1,1.653933451,4.34725937,1
1,1.426114059,2.96518238,0
1,1.502455427,0.785939298,1
1,1.617811649,2.282736276,0
1,0.977422187,1.669390279,0
1,2.159190396,1.929620638,0
1,1.693136358,0.04311153,0
1,0.593662349,2.731000354,0
1,1.245870889,3.348198283,0
1,1.330182869,0.970598605,0
1,1.877460258,4.050106234,0
1,0.95198588,0.820004484,0
1,2.037157766,2.903667156,1
1,0.869652767,1.996470351,0
1,1.355440673,2.192802675,0
1,1.540494303,2.266791185,1
1,1.474915929,1.699239074,0
1,1.552134921,1.101502148,0
1,1.599549533,3.105134046,0
1,1.490284121,2.569851655,0
1,1.53274641,3.024753923,0
1,1.156133274,0.127104427,0
1,1.616830172,0.94510108,0
1,1.740284281,2.841486336,1
1,1.623701941,0.922092766,0
1,0.32967504,0.616999414,0
1,0.907734228,2.684186066,0
1,1.619706442,2.924821282,0
1,0.865267917,1.42883523,0
1,0.21947508,0.054120727,0
1,1.591442222,-0.201054222,0
1,1.390526274,2.85443363,0
1,1.299599878,-0.010346288,0
1,1.616725653,2.618630838,0
1,1.163417253,0.05393793,0
1,1.171920473,1.354757903,1
1,1.328925491,1.176531339,1
1,1.000915816,1.45287736,0
1,3.064720704,4.509284793,0
1,1.105556008,1.282830286,0
1,1.281295111,-0.869944693,0
1,2.167372644,3.44027045,0
1,1.550754321,0.534363302,0
1,1.926242839,1.492730603,0
1,1.55723978,3.230043458,0
1,1.660905482,3.11061971,1
1,1.079694531,1.403239295,0
1,1.368502655,0.366835638,0
1,1.804413721,1.393986492,0
1,1.747497075,3.952647659,0
1,1.451156493,0.746881634,0
1,2.074660533,4.658686576,0
1,1.322075687,3.245459162,0
1,1.59389267,0.318056619,0
1,1.462181816,3.132013076,0
1,1.272071087,2.042368194,0
1,1.607965089,2.400714292,0
1,1.632681339,2.638207472,1
1,1.470558318,2.839962358,0
1,1.953362303,1.430054708,0
1,1.493191276,3.995467645,0
1,1.538945792,-0.712746607,0
1,1.467860139,-0.938216537,1
1,1.683051073,1.070575213,0
1,1.929133833,0.709568028,0
1,1.986783992,5.839349099,1
1,2.359777213,4.68387848,0
1,1.670546608,3.795236119,0
1,0.988759347,0.610090982,0
1,2.083608103,3.808130114,0
1,1.221567545,2.158403807,0
1,1.144824873,-0.504241874,0
1,1.629399412,1.855859249,0
1,1.571771428,3.991180786,0
1,1.631165742,2.383650819,0
1,1.886230471,3.696018156,0
1,1.599102908,3.860559,0
1,1.248326032,1.12366454,1
1,1.71927585,1.105273809,0
1,2.045817465,3.775239133,0
1,1.101372416,1.555747991,0
1,1.668578741,2.973070422,0
1,1.838621959,3.153297332,0
1,0.864893062,-2.5828572,1
1,1.639711469,2.394704878,1
1,2.398863675,5.340486223,0
1,0.721833636,0.985528256,0
1,0.334199632,1.746953404,0
1,0.932282679,-0.469063171,0
1,1.275085922,2.023602208,0
1,1.583375574,3.400190477,0
1,0.830401226,-0.529383617,1
1,1.928004637,3.123313658,0
1,2.049467145,4.386055449,0
1,2.245983025,4.484334032,0
1,1.64194761,0.781954483,0
1,1.867055295,2.120513578,0
1,1.39365945,2.05690226,0
1,0.801624515,0.783719094,0
1,1.617886408,3.281993938,0
1,1.879172493,1.556321431,1
1,1.797568765,2.043669716,1
1,1.678701452,3.399070064,0
1,1.92034994,3.756922581,0
1,2.016902105,0.86540829,0
1,1.32431631,-1.650373769,0
1,0.904599149,2.336658531,0
1,1.73330759,5.115684722,0
1,1.412497631,3.286764306,0
1,1.053836639,0.379412862,0
1,1.686157836,0.124362151,1
1,1.719830694,3.02804408,0
1,1.854595826,0.374025703,0
1,1.228021822,3.859797505,0
1,1.721447186,0.596232401,0
1,2.289705219,2.733375159,0
1,1.68045522,0.962858319,0
1,1.97383176,1.283179535,0
1,1.043661013,-1.102796906,1
1,1.996868553,2.710245193,0
1,1.596655535,0.61162063,0
1,1.039828093,3.862782057,0
1,1.442644492,0.657190748,0
1,1.303273771,-0.059185979,1
1,2.062118617,3.052789935,1
1,1.779975274,4.00046975,0
1,0.920889693,2.063111389,0
1,1.966476578,3.111067136,1
1,0.880110829,0.747585703,0
1,1.594534709,2.594806436,0
1,1.238749784,0.8441833,0
1,1.53724134,0.040320062,0
1,2.200892474,1.622570018,0
1,1.227290455,-0.326567648,1
1,1.238304027,1.787103684,0
1,1.998718043,4.319577597,0
1,1.375957648,0.827981487,1
1,1.45474618,2.116642306,0
1,1.252586096,2.657104125,0
1,1.80901683,2.319151188,1
1,1.665599831,2.705835169,0
1,1.255511924,2.375901909,0
1,1.005806847,1.687405995,0
1,1.758275515,5.422420582,0
1,1.57483897,1.116349108,0
1,1.337223254,3.156182534,1
1,1.910061863,3.443240346,0
1,1.237948711,1.063378833,0
1,1.530100944,1.894329196,0
1,1.5303541,2.925128527,1
1,2.136959567,3.981923156,0
1,1.780162466,2.265716504,0
1,1.495966519,1.69499381,0
1,0.76604899,-1.105833971,0
1,1.810322293,2.080131289,0
1,1.863095448,2.773688016,0
1,1.403807917,-0.125295981,0
1,0.808004927,1.810483522,1
1,2.043824319,1.30371527,0
1,1.817163427,0.258564468,0
1,0.956084631,2.631278812,0
1,2.428408978,3.045241605,0
1,1.503082355,-0.098434128,0
1,1.144426186,4.103786843,0
1,1.275648732,1.149951323,1
1,1.45612818,1.293433013,0
1,1.677651191,1.790537101,0
1,1.422034148,1.952216631,1
1,1.105889547,2.643396031,0
1,1.795247115,4.554621842,0
1,0.578145657,0.028370405,1
1,1.061162425,1.526397922,0
1,1.674729958,2.504176121,0
1,2.288835774,1.811761662,0
1,2.109821271,3.28965556,0
1,1.96239157,4.156770662,0
1,1.136803239,2.540930835,0
1,2.083088649,3.519695327,0
1,1.257910597,1.650348517,0
1,0.718876055,1.535345421,0
1,1.802952345,4.221079853,0
1,1.834129467,2.350290313,0
1,1.895119187,4.197879376,1
1,1.439171841,2.472769144,0
1,1.053512666,0.964546698,0
1,1.102395428,-0.02854175,0
1,2.283964915,1.702019266,0
1,2.338487491,2.964963314,0
1,1.738131538,1.957306754,0
1,1.778111288,2.480106991,0
1,1.318096513,0.281640854,0
1,1.143028408,2.195552515,0
1,1.307440041,1.337681999,0
1,1.043476465,1.234951454,1
1,1.880383099,1.664441966,1
1,1.314216294,0.356211397,0
1,0.501161158,1.849805006,0
1,1.916572709,1.053113942,0
1,1.775921813,4.840384543,0
1,1.408789803,0.071446938,0
1,1.081019796,1.640941733,1
1,1.875858604,2.773112742,0
1,1.068813214,-0.388624653,1
1,1.067068216,1.855618706,0
1,2.044219612,4.209209496,1
1,1.773462277,3.542156418,0
1,1.220733025,3.636613274,1
1,1.107772145,1.625893127,0
1,1.461093258,0.55889854,0
1,0.93522112,2.9003691,0
